index,prediction,ground_truth,is_correct,violated_articles,case_excerpt
0,ILLEGAL,LEGAL,False,,"In 2023, a user named Alex from Germany discovered that their personal information, which was collected through their Google Plus+ account, was being processed on servers located in the United States and Singapore. Alex had initially signed up for Google Plus+ in 2018, and at that time, the terms of..."
1,ILLEGAL,LEGAL,False,,"John Doe, a user of Google Sites, encountered an issue when attempting to update his personal information on the platform. After noticing that his email address was outdated, John accessed the settings to make the necessary changes. However, upon submitting the update request, he was prompted to ver..."
2,LEGAL,LEGAL,True,,"John Doe attempted to update his personal information on his Google account. Google required identity verification to ensure data protection, which aligns with GDPR's principles of data accuracy and security. Despite a system error, Google's commitment to resolving the issue and protecting user data..."
3,LEGAL,LEGAL,True,,Amazon's automated systems flagged emails from GreenTech Supplies as potential spam. GreenTech Supplies contacted Amazon to understand the criteria used by the automated systems and sought a resolution to ensure their emails were not incorrectly categorized as spam.
4,LEGAL,LEGAL,True,,Reddit received a request from a law enforcement agency to disclose user information related to a cybercrime investigation. Reddit evaluated the request under the good-faith belief that the disclosure was necessary to comply with applicable law and to assist in the investigation of potential violati...
5,LEGAL,LEGAL,True,,"Reddit implemented a system where users are informed and provide explicit consent before any personal information is stored locally on their devices. The information is stored to enhance user experience, such as improving loading times and providing offline access to certain features. Users have the..."
6,LEGAL,LEGAL,True,,"AppInnovate ensured that the data transmission to Google's servers was compliant with GDPR by obtaining user consent during the app installation process. The information sent was necessary for the app's functionality and updates, and users were informed about this data processing in a transparent ma..."
7,LEGAL,LEGAL,True,,"John Doe's profile information was used in advertisements with his consent, as he had previously interacted with the app and left a review, which implied consent for such use. Google ensured that the privacy settings were correctly applied, and the information was shared in compliance with GDPR."
8,ILLEGAL,LEGAL,False,,Google's acquisition of DataSecure Inc. and the handling of personal data during the transition.
9,LEGAL,LEGAL,True,,"Sarah, a small business owner, uses Google Sites to create a website for her bakery. She appreciates the personalized suggestions provided by Google based on her previous interactions. Sarah ensures that she obtains consent from her customers for collecting feedback and newsletter signups, aligning ..."
10,ILLEGAL,LEGAL,False,,"Bank of America received a formal written complaint from a customer regarding the alleged mishandling of personal data during a recent transaction. The customer claimed that their personal information was transferred to a third party without their consent. Upon receiving the complaint, Bank of Ameri..."
11,ILLEGAL,LEGAL,False,,"In 2023, a popular social media influencer, Alex Johnson, raised concerns about the privacy practices of a new Instagram feature that integrated with Google Chrome and Chrome OS. The feature allowed users to directly share their Instagram stories to a Chrome-based web application. Alex noticed that ..."
12,LEGAL,LEGAL,True,,"Google received a request from the FBI regarding a potential security breach involving PaySecure. Google shared specific user data and server logs to assist in the investigation, determining that the disclosure was necessary to address the security threat and prevent potential harm."
13,LEGAL,LEGAL,True,,"TechCorp's IT department accessed an employee's Google Account to ensure compliance with internal project management protocols. The access was deemed necessary for operational efficiency and security, and it was conducted by the domain administrator. The company ensured that the access was in line w..."
14,LEGAL,LEGAL,True,,"Tech Innovators Inc. ensured that Google Sites collected device information with explicit consent from employees, aligning with GDPR requirements. The data collection was transparent, and employees were informed about the types of data collected and its purpose. The company maintained high standards..."
15,LEGAL,LEGAL,True,,"Reddit, Inc. ensured that user data collection and sharing practices were aligned with GDPR by obtaining explicit consent from users for targeted advertising. The privacy policy clearly outlined the data collection process, and users were informed and agreed to the terms before data sharing occurred..."
16,LEGAL,LEGAL,True,,Reddit user consent for targeted advertising
17,LEGAL,LEGAL,True,,"IMDb received a complaint about unauthorized data transfer to a third-party advertising company. IMDb contacted the user, reviewed their practices, and engaged with the data protection authority to ensure compliance. The company cooperated fully to address concerns and enhance data protection measur..."
18,LEGAL,LEGAL,True,,"Microsoft ensured transparency and obtained user consent for collecting device-specific information, associating it with user accounts to enhance service offerings while adhering to GDPR requirements."
19,ILLEGAL,LEGAL,False,,"John Doe, a user of Google's cloud storage service, requested access to and correction of his stored data. Upon reviewing his data, John found several outdated documents and decided to delete them. Google explained that while they strive to provide access and correction of information for free, the ..."
20,LEGAL,LEGAL,True,,"Bank of America collected and used customer data through its digital services with adequate disclosure and consent, complying with privacy regulations."
21,ILLEGAL,LEGAL,False,,"In 2023, a YouTube content creator named Alex, who is part of a media company using Google Apps for their operations, experienced unexpected changes to their Google Account. Alex noticed that their account password was changed without their consent, and they were temporarily unable to access their Y..."
22,LEGAL,LEGAL,True,,"Yahoo! ensured that during the registration process, users were presented with a clear and explicit opt-in option for sharing personal information with third parties. The privacy policy was transparent and easily accessible, detailing the types of data shared and the purpose of sharing. Jane Doe, as..."
23,ILLEGAL,LEGAL,False,,"In 2023, a user named Alex Thompson filed a complaint against Instagram, alleging that their personal data was being shared with third-party advertisers without explicit consent. Alex noticed that after searching for hiking gear on a search engine, they began receiving targeted ads for similar produ..."
24,LEGAL,LEGAL,True,,"Reddit's security team monitored account activity to protect user accounts from unauthorized access, using server logs to identify and trace suspicious activity."
25,ILLEGAL,LEGAL,False,,"In 2023, a user named Alex Johnson raised concerns about the transparency of data collection practices by Bing, a search engine service. Alex noticed that despite adjusting privacy settings on their Microsoft account, personalized ads continued to appear based on their search history and location da..."
26,ILLEGAL,LEGAL,False,,"In 2023, a customer of Bank of America, named John Doe, noticed that after visiting the bank's website, he began receiving targeted advertisements from various financial service providers on unrelated websites. Concerned about his privacy, John contacted Bank of America to inquire about their data s..."
27,LEGAL,LEGAL,True,,"Amazon ensured that all data processing activities, including those involving servers located outside users' home countries, were compliant with GDPR. They obtained explicit consent from users for cross-border data transfers and implemented appropriate safeguards to protect personal data. The invest..."
28,ILLEGAL,LEGAL,False,,"In 2023, a user named Alex Johnson filed a complaint against Google, alleging that the company had improperly handled his personal information during the account creation process. Alex claimed that when he signed up for a Google Account, he was required to provide his name, email address, and teleph..."
29,LEGAL,LEGAL,True,,"In 2023, Play Google, a subsidiary of Alphabet Inc., was involved in a case concerning the sharing of aggregated, non-personally identifiable information. The case arose when a group of users noticed that Play Google had publicly shared data trends about the usage of its services. This information w..."
30,LEGAL,LEGAL,True,,"Yahoo! ensured that their privacy policy was transparent and aligned with industry standards, providing users with clear options for managing their privacy settings. Users were adequately informed about the data collection processes, and consent was obtained for the use of personal data for targeted..."
31,LEGAL,LEGAL,True,,"InnovateX approached Google to access user data for improving their AI-driven marketing platform. Google adhered to its privacy policy and GDPR regulations, ensuring that any data sharing would require proper authorization and consent, which InnovateX obtained from users. The request was aligned wit..."
32,ILLEGAL,LEGAL,False,,"In early 2023, a Reddit user named 'TechSavvy123' raised concerns about Google's data collection practices on a popular subreddit dedicated to privacy discussions. The user claimed that Google's use of cookies, IP addresses, and pixel tags was not clearly explained to users, potentially leading to u..."
33,LEGAL,LEGAL,True,,"Yahoo Sports updated its Privacy Policy to enhance user data protection and transparency, including provisions for data sharing with third-party partners and improved user control over personal information. They announced these changes on their website and sent email notifications to registered user..."
34,ILLEGAL,LEGAL,False,,XYZ Marketing Agency vs. Privacy Concerns
35,LEGAL,LEGAL,True,,Yahoo! ensured that all data processing activities were compliant with GDPR by obtaining explicit consent from users for the use of their personal information for targeted advertising. The company conducted regular audits and engaged with external privacy experts to maintain transparency and trust.
36,LEGAL,LEGAL,True,,"In 2023, a user of Google Sites, named Alex Johnson, discovered that their personal information was being stored locally on their device with their explicit consent. Alex was informed that after visiting a Google Sites page, certain personal data, such as their email address and browsing history, wo..."
37,LEGAL,LEGAL,True,,"Yahoo! implemented automated systems to analyze user content, including emails, to provide personalized product features. The company ensured transparency by clearly informing users about the data processing activities and obtaining their consent. Users were aware that their data would be used to de..."
38,LEGAL,LEGAL,True,,"Yahoo! proactively addressed user concerns by organizing informational sessions, updating their privacy policy, and setting up a dedicated team to handle privacy inquiries, ensuring transparency and compliance with GDPR."
39,ILLEGAL,LEGAL,False,,Microsoft Location Data Collection Inquiry
40,ILLEGAL,LEGAL,False,,"Amazon Inc. is involved in a case concerning the automatic collection and storage of user data through its services. A user, John Doe, reported that while using Amazon's voice assistant service, he noticed unusual activity on his account. Upon investigation, it was found that Amazon's servers had lo..."
41,ILLEGAL,LEGAL,False,,"In July 2015, a group of users filed a complaint against Google Plus+, alleging that the platform's updated Privacy Policy, last modified on June 30, 2015, did not adequately inform users about the extent of data collection practices. The users claimed that despite the policy update, Google Plus+ co..."
42,LEGAL,LEGAL,True,,"DataFlow Inc. shared aggregated, non-personally identifiable information with advertising partners to improve ad targeting without compromising user privacy."
43,LEGAL,LEGAL,True,,"John Doe, a subscriber to the New York Times digital services, successfully updated his personal information on the platform. On March 15, 2023, John noticed that his email address on file was incorrect and attempted to update it through the New York Times' online account management system. Upon sub..."
44,ILLEGAL,LEGAL,False,,"In March 2023, a user of Google Sites, named John Doe, submitted a formal written complaint to Google regarding the alleged unauthorized transfer of his personal data to a third-party service. John claimed that his personal information, which he had uploaded to his Google Sites account, was shared w..."
45,LEGAL,LEGAL,True,,Yahoo! updated its Privacy Policy to include new data processing practices related to its email services. The changes were intended to enhance user experience by integrating advanced machine learning algorithms for personalized content delivery. Yahoo! posted the updated Privacy Policy on its websit...
46,LEGAL,LEGAL,True,,"In this case, Google Inc. ensured that the updated privacy policy of Google Plus+ was clearly communicated to all users, including Alex Johnson. The policy explicitly stated that user data could be used for personalized advertising across third-party websites, provided that users gave their consent...."
47,LEGAL,LEGAL,True,,"The New York Times conducted a thorough review of its data handling practices to ensure compliance with privacy standards. They implemented clear and transparent consent mechanisms within their mobile application, allowing users to provide explicit consent for data collection. The organization engag..."
48,LEGAL,LEGAL,True,,"Amazon updated its Privacy Policy to include new data processing practices for voice-activated devices, aiming to enhance user experience. The update was communicated through the website, and users were informed about the changes, ensuring transparency and compliance with GDPR."
49,LEGAL,LEGAL,True,,Microsoft's acquisition of DataSecure Inc. with a commitment to user privacy and data protection.
50,LEGAL,LEGAL,True,,"John Doe shared sensitive personal documents with a financial advisor using Microsoft's OneDrive service. The sharing settings were correctly configured to ensure that only the intended recipient could access the documents. The documents were not publicly indexed by search engines, and access was re..."
51,LEGAL,LEGAL,True,,"Yahoo! processed personal information of its users on servers located in multiple countries, including some outside the users' home countries. The company ensured compliance with GDPR by obtaining user consent for cross-border data transfers and implementing appropriate safeguards. The data protecti..."
52,LEGAL,LEGAL,True,,"In 2023, a customer of Bank of America, named John Doe, shared his experiences and tips on a public forum using a Bank of America online service. John was aware of the privacy settings and chose to share his account details and transaction history voluntarily. The information was shared with the con..."
53,LEGAL,LEGAL,True,,"Alex Johnson, a YouTube user, explored his Google Account settings to understand data collection practices. He accessed the Google Dashboard and Ads Settings to review information tied to his account and control personal data collection. Google provided clear and transparent information, ensuring Al..."
54,ILLEGAL,LEGAL,False,,"In 2023, a user named Alex Johnson filed a complaint against Google Plus+ regarding the handling of their personal information. Alex had requested access to their data and sought corrections to certain inaccuracies they had identified. Google Plus+ provided access to the data without charge, but inf..."
55,ILLEGAL,LEGAL,False,,"In 2023, a user named Alex Johnson raised concerns about the data collection practices of Google Plus+, a social networking service operated by Google. Alex noticed that after signing up for the service, he began receiving targeted advertisements that seemed to be based on his private messages and i..."
56,LEGAL,LEGAL,True,,"John Doe, a frequent user of Reddit and other online platforms, noticed that his Google Profile name and photo were being displayed in advertisements on Reddit. However, in this case, John had explicitly consented to the use of his profile information for advertising purposes when he interacted with..."
57,LEGAL,LEGAL,True,,Amazon experienced a potential information security incident when unauthorized access was detected in their cloud storage services. The incident involved an external party attempting to access sensitive customer data stored on Amazon Web Services (AWS). The breach was identified through Amazon's rou...
58,LEGAL,LEGAL,True,,"TechAd Solutions used cookies and pixel tags to track Alex's search behavior and serve relevant ads. Alex believed this was a violation of privacy, but the company's actions were in compliance with GDPR as they had obtained consent for processing personal data for targeted advertising."
59,LEGAL,LEGAL,True,,"John Doe, a freelance graphic designer, updated his Google Profile name to reflect his new business branding. This update was automatically applied across all Google services he used, such as Google Sites, Gmail, and Google Drive. John had previously consented to these updates as part of Google's te..."
60,LEGAL,LEGAL,True,,"In 2023, a user named Alex Johnson requested access to and correction of their personal data stored by Bing, a search engine service operated by Microsoft. Alex had noticed discrepancies in the search history and personalized recommendations provided by Bing, which led to concerns about the accuracy..."
61,LEGAL,LEGAL,True,,Microsoft Corporation ensured transparency in its data collection processes by providing clear and accessible information to users about how their personal data would be handled and stored on the Azure platform. Users were informed about the potential sharing of their information with third-party pa...
62,LEGAL,LEGAL,True,,"Alex Johnson, a user of Yahoo! services, shared personal information on a Yahoo! forum, believing it to be private. The information was indexed by search engines, but Yahoo! provided options to manage content visibility, ensuring compliance with GDPR."
63,LEGAL,LEGAL,True,,"AdStream collected and shared personal data with proper consent, aligning with both its own privacy policy and Google's Privacy Policy, ensuring clarity and compliance."
64,LEGAL,LEGAL,True,,"Yahoo! provided personal information to AdTech Solutions for targeted advertising under a contractual agreement ensuring adherence to privacy policies and security measures. A routine audit revealed a security misconfiguration, but it was determined that Yahoo! had implemented adequate monitoring an..."
65,LEGAL,LEGAL,True,,"Yahoo! integrated a feature allowing users to sign in using their Google Account, which automatically pulled in the user's Google Profile information. Alex Johnson's profile information was set to be publicly visible, and Yahoo! obtained consent through Google's user agreement for the integration an..."
66,ILLEGAL,LEGAL,False,,"In 2023, a popular YouTube channel named 'TechExplorers' faced scrutiny after a group of users raised concerns about the channel's data privacy practices. The users alleged that the channel's integration with third-party services might be collecting more data than disclosed. The channel, known for i..."
67,LEGAL,LEGAL,True,,"Amazon's use of local storage mechanisms on users' devices was found to be compliant with GDPR as they provided adequate transparency and obtained user consent for storing personal information locally. The local storage was used to enhance user experience by speeding up website performance, and user..."
68,LEGAL,LEGAL,True,,"In 2023, Amazon was found to be in compliance with data protection regulations regarding its Alexa voice assistant. The company had implemented robust systems to ensure that voice recordings were deleted upon user request. A user, while reviewing their account settings, confirmed that all data was a..."
69,LEGAL,LEGAL,True,,"In this revised scenario, Google Plus+ ensured that all users, including Alex Johnson, provided explicit opt-in consent for sharing sensitive personal information with third-party applications like FitLife. During the sign-up process, Alex was clearly informed about the types of data that would be s..."
70,LEGAL,LEGAL,True,,Microsoft Corporation ensured that the use of Google Profile information across its services was compliant with GDPR by obtaining explicit consent from users like Jane Doe. The integration was designed to enhance user experience by allowing seamless access to services like Microsoft Teams and Outloo...
71,LEGAL,LEGAL,True,,"TechSavvy raised concerns about YouTube's data collection practices. YouTube explained their practices and highlighted privacy settings available to users, ensuring compliance with GDPR."
72,ILLEGAL,LEGAL,False,,"In 2023, a group of New York Times subscribers raised concerns about the transparency of data collection practices by the publication's digital platform. The subscribers claimed that while using the New York Times website and app, they were not adequately informed about the types of personal informa..."
73,ILLEGAL,LEGAL,False,,"In 2023, a user named Alex Smith filed a complaint against Play Google, a popular online gaming platform, after discovering that their personal data was being used by a third-party advertising company, AdTech Solutions, without explicit consent. Alex noticed targeted ads appearing on various website..."
74,LEGAL,LEGAL,True,,"InnovateTech ensured that BingConnect's privacy policy was clear and transparent, explicitly stating how personal data would be used in conjunction with Google's advertising services. They obtained explicit consent from users like Alex before collecting and processing personal data, ensuring complia..."
75,ILLEGAL,ILLEGAL,True,Article 12; Article 13; Article 14,Vattenfall Europe Sales GmbH conducted data matching from August 2018 to December 2019 during contract inquiries for special contracts. These contracts aimed to attract new customers with bonus payments. The company compared personal data of prospective customers who inquired about a special contrac...
76,ILLEGAL,ILLEGAL,True,Art. 12 GDPR; Art. 13 GDPR,"A company installed a video surveillance system that recorded both employees and third parties. The system was set up to monitor the premises, capturing video footage of individuals present in the area."
77,ILLEGAL,ILLEGAL,True,Article 32,"Company A, a data controller, failed to implement adequate information security measures to protect the personal data of its customers. As a result, an unauthorized third party gained access to this personal data. The breach occurred due to insufficient security protocols, which allowed the unauthor..."
78,ILLEGAL,ILLEGAL,True,Art. 28 GDPR; Art. 44 GDPR; Art. 46 (2) GDPR,"In 2021, the Portuguese National Statistical Institute conducted a national census. During this process, they collected various types of personal data, including religious and health information. However, they did not inform the data subjects that providing religious and health data was voluntary. A..."
79,ILLEGAL,ILLEGAL,True,Article 5(1)(c); Article 13,A private individual installed video surveillance cameras at their house. These cameras captured not only the individual's property but also extended to cover public spaces and neighboring properties. The signs indicating the presence of video surveillance were not clear and readable.
80,ILLEGAL,ILLEGAL,True,Article 32; Article 33; Article 34; Article 44,"ENDESA ENERGÍA, S.A.U. experienced a security breach where unauthorized individuals gained access to its systems. The breach was discovered when Facebook ads were found offering the sale of login credentials for the Endesa platform. This resulted in the compromise of personal data, including names, ..."
81,LEGAL,ILLEGAL,False,Article 31,"SC Das Sense Society SRL, a company operating in Romania, was involved in a situation where the Romanian Data Protection Authority (ANSPDCP) requested specific information from the company as part of an ongoing investigation. The company was expected to provide the requested information to assist th..."
82,LEGAL,ILLEGAL,False,Article 31,"TELEFÓNICA DE ESPAÑA, S.A.U., a telecommunications company, was requested by the Spanish Data Protection Authority (DPA) to provide certain information related to its customers. This request was part of the DPA's regulatory oversight responsibilities. TELEFÓNICA was expected to comply with this requ..."
83,LEGAL,ILLEGAL,False,Article 9 GDPR,"During the Covid-19 pandemic, Brussels Airport Zaventem implemented a system using thermal imaging cameras to monitor the body temperatures of passengers. Individuals with temperatures above 38 degrees Celsius were identified and subsequently required to answer questions regarding potential coronavi..."
84,ILLEGAL,ILLEGAL,True,Articles 38 and 39 of the GDPR,"A company appointed a Data Protection Officer (DPO) to oversee its data protection activities. However, the company did not involve the DPO in all matters related to personal data protection. The DPO was not given sufficient autonomy to perform their duties independently. Additionally, the DPO did n..."
85,ILLEGAL,ILLEGAL,True,Article 6,"Krokatjønnvegen 15 AS, a company, conducted credit checks on two individuals. The company did not have any contractual basis or proper authorization to perform these credit checks on the data subjects."
86,ILLEGAL,ILLEGAL,True,Article 6; Article 7; Article 5(1)(a); Article 5(1)(b),"The municipality of Comune di Lonato del Garda conducted job interviews and used audio-video recordings during these interviews. The recordings were intended to assess the candidates' suitability for the job positions they applied for. However, the municipality did not obtain the necessary consent f..."
87,ILLEGAL,ILLEGAL,True,Article 12; Article 13,"A store owner installed CCTV cameras within their premises to monitor the area for security purposes. However, the store owner did not place any signs or provide any information to inform customers and visitors about the presence of CCTV surveillance. This lack of notification meant that individuals..."
88,ILLEGAL,ILLEGAL,True,Article 5(1)(d) - Principle of Accuracy,"A customer of Vodafone was wrongfully charged for certain costs. Despite this error, Vodafone proceeded to report the personal data of this customer to a solvency registry known as BADEXCUG. The customer's data was shared with the registry for the purpose of debt reporting."
89,LEGAL,ILLEGAL,False,Article 58(1)(e),"A property owners' association was involved in an investigation conducted by the Romanian Data Protection Authority (DPA). During this investigation, the DPA requested specific information from the association to assess compliance with data protection regulations. The association was expected to pro..."
90,ILLEGAL,ILLEGAL,True,Article 58(2) - Failure to comply with an order from the supervisory authority,"EDITORIAL RIBADEO S.L., a company acting as a data controller, was issued an order by the Spanish Data Protection Agency (DPA) to take specific actions regarding the processing of personal data. The company failed to comply with this order, which involved the handling of personal data of individuals..."
91,ILLEGAL,ILLEGAL,True,Article 6; Article 7; Article 21,"A company engaged in direct marketing activities by sending unsolicited communications to data subjects via SMS, e-mail, telephone calls, and automated calls. The data subjects were unable to exercise their rights to withdraw consent and object to processing for direct marketing purposes due to inco..."
92,ILLEGAL,ILLEGAL,True,Art. 5(1)(c); Art. 6; Art. 9; Art. 12; Art. 13; Art. 25(1); Art. 35,"Mercadona S.A. installed facial recognition systems in its stores to track individuals with criminal convictions or restraining orders. The system captured biometric data of everyone entering the stores, including minors and employees. The privacy impact assessment conducted by Mercadona did not ade..."
93,ILLEGAL,ILLEGAL,True,Article 6 - Lawfulness of processing; Article 7 - Conditions for consent,"Innovasjon Norge, a national development bank, conducted four credit checks on an individual. During this process, the bank analyzed various financial data of the individual over a period of three months. The bank did not have a contractual basis or the individual's consent to perform these credit c..."
94,ILLEGAL,ILLEGAL,True,Article 32; Article 33,"AUTOMOBILE BAVARIA SRL, a data controller, experienced a data breach where unknown parties managed to unauthorizedly disclose personal data of 290 customers on the controller's website. The disclosed data included information such as names, telephone numbers, and residences."
95,ILLEGAL,ILLEGAL,True,Article 6 - Lawfulness of processing; Article 5 - Principles relating to processing of personal data,"A former employee of Prodesspa Decoratius i Pintures, S.L. discovered that the company had disclosed their personal data to a credit reporting agency without their consent. The employee was concerned about the unauthorized sharing of their information and decided to file a complaint with the Spanish..."
96,ILLEGAL,ILLEGAL,True,Article 17; Article 21,"A customer of RCI BANQUE, S.A. SUCURSAL EN ESPAÑA requested the deletion of her personal data from the company's databases. Despite this request, she continued to receive text messages from the company."
97,ILLEGAL,ILLEGAL,True,Article 6 - Lawfulness of processing; Article 7 - Conditions for consent,"A surveyor, using his authority, accessed the electronic land register to identify several hundred property owners without their knowledge. He then passed this information to a property developer, who contacted the identified owners."
98,ILLEGAL,ILLEGAL,True,Article 5(1)(f); Article 32,"A bank was responsible for managing the personal data of its customers, which included sensitive information such as names, citizenships, identification numbers, addresses, copies of identity cards, and biometric data. Due to inadequate technical and organizational measures, this data was leaked, al..."
99,ILLEGAL,ILLEGAL,True,Article 6 - Lawfulness of processing; Article 44 - General principle for transfers,"The Ministry of Interior Affairs, acting as a government agency, transmitted the personal data of an individual, A.K., to the Togolese Republic. The scenario involves the cross-border transfer of personal data from one government entity to another foreign government without the necessary legal basis..."
100,ILLEGAL,ILLEGAL,True,Article 6; Article 7; Article 9,A resident of a residential building decided to install a video recording device that captured footage of the shared inner courtyard. This area was used by other residents and visitors. The resident did not inform or seek consent from the other individuals who might be recorded by this device. The r...
101,ILLEGAL,ILLEGAL,True,Article 5; Article 6; Article 7; Article 12; Article 13; Article 17; Article 26,"CRITEO, a company specializing in retargeting advertising, tracks the surfing behavior of Internet users through Criteo trackers (cookies) to display personalized ads. The company processes data from users without proving that consent was obtained. Additionally, CRITEO's partners also process user d..."
102,ILLEGAL,ILLEGAL,True,Article 6 - Lawfulness of processing; Article 5 - Principles relating to processing of personal data,"The owner of a pub installed two video surveillance cameras that covered parts of the public space outside the pub. These cameras were intended for security monitoring purposes. However, the owner did not obtain the necessary authorization or consent from individuals who might be captured by these c..."
103,ILLEGAL,ILLEGAL,True,Article 15,"A data subject requested access to certain video recordings from the reception area of a hospital managed by Med Life SA. The data subject wanted to view these recordings, which were presumably related to their presence or activities at the hospital. Med Life SA, acting as the data controller, refus..."
104,ILLEGAL,ILLEGAL,True,Article 28(3) GDPR,"A data subject booked a room at a hotel complex managed by Marbella Resorts S.L. Upon arrival, a concierge, who was only authorized to verify reservations and provide room keys, made copies of the data subject's personal data. Subsequently, the data subject discovered that their personal data had be..."
105,ILLEGAL,ILLEGAL,True,Article 6 - Lawfulness of processing; Article 7 - Conditions for consent; Article 21 - Right to object,A company named ΚΑΠΑ ΛΑΜΔΑ ΩΜΕΓΑ ΔΙΑΦΗΜΙΣΤΙΚΗ ΕΜΠΟΡΙΚΗ ΜΟΝΟΠΡΟΣΩΠΗ ΕΤΑΙΡΕΙΑ ΠΕΡΙΟΡΙΣΜΕΝΗΣ ΕΥΘΥΝΗΣ engaged in marketing activities by making calls to individuals. These calls were made without obtaining prior consent from the individuals. Despite several individuals revoking any previously given cons...
106,ILLEGAL,ILLEGAL,True,"Article 5(1)(a) - Lawfulness, fairness and transparency; Article 6(1) - Lawfulness of processing; Article 32 - Security of processing","A customer of Vodafone España, S.A.U. discovered that their SIM card had been duplicated and provided to a third party without their consent. This unauthorized third party used the duplicated SIM card to gain access to the customer's bank account and perform unauthorized transactions. The customer w..."
107,ILLEGAL,ILLEGAL,True,Article 6 - Lawfulness of processing; Article 8 - Conditions applicable to child's consent in relation to information society services,"A sports photographer captured over 16,000 photos of minors participating in a swimming competition. These photos were then published on the company's freely accessible website. The parents of the minors were not involved in the decision-making process regarding the capturing and publication of thes..."
108,ILLEGAL,ILLEGAL,True,Article 5; Article 32,"In October 2019, the Municipality of Bergen discovered a data breach involving their communication tool 'Vigilo', used for interactions between schools and parents. The tool, which included a module for communication via a portal or app, was not properly secured, leading to potential exposure of per..."
109,ILLEGAL,ILLEGAL,True,Article 5(1)(c); Article 13,"Spartoo, an online retailer based in France, operates across multiple European countries. The company records all telephone hotline conversations with customers, capturing personal data such as addresses and bank details. Additionally, Spartoo stores some bank details in an unencrypted format. The c..."
110,ILLEGAL,ILLEGAL,True,Article 6 - Lawfulness of processing,The San Severo municipality published a document on its website. This document contained personal data of its employees. The publication was made without obtaining a valid legal basis or consent from the employees whose data was disclosed.
111,ILLEGAL,ILLEGAL,True,Article 33 of GDPR,Toyota Bank Polska S.A. experienced a data breach involving the personal data of its customers. The bank was aware of the breach but did not report it to the Polish Data Protection Authority (DPA) within the required timeframe. The bank's failure to notify the DPA in a timely manner led to an invest...
112,ILLEGAL,ILLEGAL,True,Article 5(1)(f) - Integrity and confidentiality; Article 32 - Security of processing,"FONTANORTE, S.L., a company acting as a data controller, disposed of documents containing personal data in trash containers that were accessible to the public. This action led to the exposure of personal data to unauthorized individuals."
113,ILLEGAL,ILLEGAL,True,Article 6 - Lawfulness of processing; Article 7 - Conditions for consent,"A private individual, acting as a marketer, decided to send promotional messages to several people. These individuals were potential customers whose contact information was used to send these messages. The marketer did not obtain prior consent from these individuals before sending the promotional co..."
114,ILLEGAL,ILLEGAL,True,Article 32 - Security of processing,The Dutch Social Insurance Institution (SVB) experienced a data breach where a client's benefit information was leaked to an unauthorized third party. This occurred when an unknown third party successfully requested the benefit information through the SVB's telephone helpdesk. The system for verifyi...
115,ILLEGAL,ILLEGAL,True,"Article 5(1)(c) - Data Minimization; Article 5(1)(e) - Storage Limitation; Article 12 - Transparent Information, Communication and Modalities for the Exercise of the Rights of the Data Subject; Article 17 - Right to Erasure ('Right to be Forgotten')","ParkkiPate Oy, a company responsible for issuing parking tickets, required individuals who received parking tickets to provide their ID card number and address to process requests for information about their personal data or to delete their data. The company claimed that the name and parking ticket ..."
116,ILLEGAL,ILLEGAL,True,Article 5(1)(b) - Purpose limitation; Article 6 - Lawfulness of processing,"A patient underwent an MRI at Hospital Campogrande DE on September 05, 2019, due to a non-occupational injury to the right knee. The cost was covered by the patient's private health insurance. Later, due to a work-related injury, the patient required another MRI on September 27, 2019, which was perf..."
117,ILLEGAL,ILLEGAL,True,Article 6; Article 13,An employee of Sirio S.p.A. discovered that their personal data had been shared with a bank. The employee was not informed about this data sharing and had not given consent for their personal data to be passed on to the bank.
118,ILLEGAL,ILLEGAL,True,Article 5 (1) f) GDPR; Article 32 GDPR,"Automecanica Jerez, S.L., a company, sent commercial emails to a large number of people. In these emails, the company failed to hide the personal data of the recipients, such as their surnames, first names, and email addresses. This allowed other recipients to view each other's personal data."
119,ILLEGAL,ILLEGAL,True,Article 16; Article 17; Article 31,"Société nouvelle de l'annuaire français (SNAF) operates a website, annuairefrancais.fr, which lists French companies using data published by the French Statistical Office. Between 2018 and 2019, several complaints were made regarding difficulties in requesting the erasure and rectification of person..."
120,ILLEGAL,ILLEGAL,True,Art. 32 (1); Art. 32 (2),"Telekom Romania Mobile Communications S.A. was responsible for processing personal data of its customers. However, due to inadequate security measures, the personal data of 99,210 data subjects, including customer numbers, gender, and telephone numbers, were disclosed without authorization. Addition..."
121,ILLEGAL,ILLEGAL,True,Art. 13 GDPR,"A doctor operates a website to provide information and services to patients and potential patients. However, the website lacks a privacy policy, which is necessary to inform users about how their personal data is collected, used, and protected. This omission means that users are not informed about t..."
122,ILLEGAL,ILLEGAL,True,Article 6 - Lawfulness of processing; Article 7 - Conditions for consent; Article 44 - General principle for transfers,"Iberdola Clientes, an electricity company, terminated the data subject's contract and concluded three new contracts with the data subject. The company processed the data subject's personal data and transferred it to a third party."
123,ILLEGAL,ILLEGAL,True,Article 5(1)(c) - Data minimization; Article 5(1)(d) - Accuracy; Article 6 - Lawfulness of processing; Article 32 - Security of processing,"The Federazione Italiana Sommelier, Albergatori e Ristoratori sent a protocol containing personal data of one of its members to all other members. This protocol included information about a disciplinary measure against the member, which was not yet legally binding and was later revoked. Despite the ..."
124,ILLEGAL,ILLEGAL,True,Article 32,"The UWV, a Dutch employee insurance service provider, operated an online employer portal that allowed employers and health and safety services to access employee health data. However, the portal did not implement multi-factor authentication, leading to inadequate security measures for protecting sen..."
125,ILLEGAL,ILLEGAL,True,Article 12; Article 15; Article 31,"A website operator is responsible for managing a platform that collects and processes personal data from its users. The users, as data subjects, have certain rights under the GDPR, including the right to access their data and the right to have their data processed lawfully. The website operator is e..."
126,ILLEGAL,ILLEGAL,True,Article 6 - Lawfulness of processing; Article 7 - Conditions for consent,"An individual discovered that a company, SERVICIOS E INTERVENCIONES EN EDIFICACION DEL MEDITERRÁNEO, S.L., had published a picture of them without obtaining their permission. The individual was concerned about their privacy and the unauthorized use of their image."
127,ILLEGAL,ILLEGAL,True,Article 6; Article 7; Article 21,"An individual received email notifications from SC Enel Energie SRL. The individual had not given consent for their personal data to be processed for this purpose. Despite the individual exercising their right to object to the processing of their personal data, SC Enel Energie SRL continued to send ..."
128,LEGAL,ILLEGAL,False,Article 6; Article 9,"LAST LAP, S.L., the organizer of the San Silvestre road running race, required participants to show their vaccination certificate or provide a PCR or antigen test before the race. This requirement was part of the race participation process."
129,ILLEGAL,ILLEGAL,True,Article 5; Article 6; Article 32; Article 17,"A travel agency collected personal data from its customers, including names, contact details, and passport numbers, for the purpose of processing visa applications. However, the agency failed to secure this data, resulting in the information being publicly accessible on their web server. Additionall..."
130,ILLEGAL,ILLEGAL,True,"Article 5(1)(a) - Lawfulness, fairness and transparency; Article 6 - Lawfulness of processing; Article 32 - Security of processing","A customer of Vodafone España, S.A.U. discovered that their SIM card had been duplicated and provided to an unauthorized third party. This unauthorized individual used the duplicate SIM card to gain access to the customer's bank account and perform unauthorized transactions. The customer had not giv..."
131,ILLEGAL,ILLEGAL,True,Article 5; Article 6; Article 7,"A police officer purchased a notebook for private use from an online platform. The seller did not agree to negotiate the payment method. In response, the officer accessed a police information system to gather personal information about the seller. The officer then used this information to send sever..."
132,ILLEGAL,ILLEGAL,True,Article 5(1)(a); Article 6(1); Article 9(1),"A former employee of the municipality of Conflenti discovered that a document containing her personal data, including details about her employment and an excerpt from her termination letter, was published on the municipality's website. This publication was done without her consent or authorization, ..."
133,ILLEGAL,ILLEGAL,True,Article 13; Article 37,"KFC RESTAURANTS SPAIN, S.L operates a website where it collects personal data from its visitors. However, the company did not appoint a data protection officer to oversee data protection activities. Additionally, the website did not provide all the necessary information required under GDPR Article 1..."
134,ILLEGAL,ILLEGAL,True,Article 6 - Lawfulness of processing,"Aquateknikk AS, a company, conducted a credit rating check on an individual. There was no existing customer relationship or any other form of affiliation between the company and the individual. The company processed the individual's personal data without obtaining any form of consent or having a leg..."
135,ILLEGAL,ILLEGAL,True,Article 5; Article 6; Article 12; Article 15; Article 27,"Clearview Al Inc., a company providing facial recognition services, compiled a database of over 30 billion images, including those of Dutch citizens. These images were collected from publicly available online platforms, such as social media. The company used these images to create biometric profiles..."
136,ILLEGAL,ILLEGAL,True,Article 6; Article 9,"A private individual installed video surveillance cameras on their property. These cameras were positioned in such a way that they also captured footage of the public space outside the property. The individual intended to monitor their property for security reasons, but the cameras inadvertently rec..."
137,ILLEGAL,ILLEGAL,True,Article 31,"A company was required to cooperate with the data protection authority as part of its regulatory obligations. The authority sought information from the company to ensure compliance with data protection laws. However, the company did not provide sufficient cooperation or the necessary information req..."
138,ILLEGAL,ILLEGAL,True,Article 33,"Argon Medical Devices, a company operating in Europe, experienced a data breach that involved the personal data of all its European employees. The company was required to notify the relevant data protection authority about the breach within 72 hours. However, Argon Medical Devices failed to do so."
139,ILLEGAL,ILLEGAL,True,Article 5(1)(d); Article 32,"A company was conducting business by concluding contracts over the phone. However, they failed to implement adequate technical and organizational measures to ensure the accuracy of personal data being transmitted during these calls. As a result, contracts were mistakenly concluded on behalf of indiv..."
140,ILLEGAL,ILLEGAL,True,Article 6 - Lawfulness of processing; Article 7 - Conditions for consent,"An individual posted an image on their private Instagram account. JOLY DIGITAL, S.L.U., a company, accessed this private image and published it without obtaining consent from the individual. The individual, upon discovering the unauthorized use of their image, filed a complaint with the Spanish Data..."
141,ILLEGAL,ILLEGAL,True,Article 5(1)(f); Article 6(1),"A customer of Findomestic Banca spa took out a loan. The customer's wife, who had guaranteed a different loan, began receiving payment reminders for the loan taken out by the customer. The reminders were sent without the customer's authorization, leading to a breach of confidentiality."
142,LEGAL,ILLEGAL,False,Article 12; Article 15,"An individual, referred to as the data subject, requested access to their personal data from Poste Italiane S.p.a., a company acting as a data controller. The data subject expected a timely response to their request, as stipulated by data protection regulations."
143,ILLEGAL,ILLEGAL,True,Article 6 - Lawfulness of processing; Article 7 - Conditions for consent,"An employee of La Prima S.r.l., a real estate portal, contacted a property owner via LinkedIn to offer real estate services related to a specific property owned by the data subject. The employee obtained the property ownership information from a public register. The data subject had not consented to..."
144,ILLEGAL,ILLEGAL,True,Article 15,"Employees of Deca s.r.l. requested access to their personal data processed during attendance checks. The company, acting as the data controller, did not comply with these requests, leading the employees to file a complaint with the Italian Data Protection Authority."
145,ILLEGAL,ILLEGAL,True,Article 15,"A former employee submitted a request to their previous employer to access their personal data. The employer, however, refused to grant access to the requested personal data."
146,ILLEGAL,ILLEGAL,True,Article 33; Article 34,"On February 5, 2018, HVV GmbH updated its website, which inadvertently introduced a security vulnerability in the Customer E-Service (CES) system. This vulnerability allowed customers who logged into the CES and had an HVV Card, with at least one active contractual relationship, to access data of ot..."
147,ILLEGAL,ILLEGAL,True,Article 6 - Lawfulness of processing; Article 7 - Conditions for consent,"An individual, who is a customer of SANTANDER CONSUMER FINANCE, S.A., had previously informed the company that their personal data should only be used for managing their credit card. Despite this, the individual received advertising from the company. The company later stated that this incident occur..."
148,ILLEGAL,ILLEGAL,True,Article 5(1)(c); Article 13,"An organization installed video surveillance cameras in a public space to monitor activities. The cameras captured video footage of individuals passing through the area. However, the organization did not provide sufficient information to the public about the surveillance, such as the purpose of the ..."
149,ILLEGAL,ILLEGAL,True,Article 12; Article 13,"RESTATURANTE FUENTEBRO, S.C. installed CCTV cameras in their establishment to monitor the premises for security purposes. However, they did not provide any information signs to inform customers and visitors about the CCTV surveillance in place. This lack of notification meant that individuals enteri..."
